{"cameraMode":{"drawMode":0,"name":"Shaded","section":"Shading Mode"},"sceneLighting":false,"audioPlay":false,"sceneViewState":{"showFog":true,"showMaterialUpdate":false,"showSkybox":false,"showFlares":true,"showImageEffects":true,"showParticleSystems":true},"in2DMode":false,"pivot":{"x":338.0645751953125,"y":296.0759582519531,"z":11.562469482421875},"rotation":{"x":-0.21428419649600984,"y":0.0196157768368721,"z":-0.004309636075049639,"w":-0.9765819907188416},"size":107.04067993164063,"orthographic":false}